{
  "accuracy": 0.9966216216216216,
  "precision": 1.0,
  "recall": 0.9880952380952381,
  "f1_score": 0.999999995,
  "roc_auc": 1.0,
  "threshold": 0.9905781745910645,
  "confusion_matrix": [
    [
      212,
      0
    ],
    [
      1,
      83
    ]
  ]
}