{
  "accuracy": 0.6879194630872483,
  "precision": 0.5151515151515151,
  "recall": 0.7010309278350515,
  "f1_score": 0.5999999951224954,
  "roc_auc": 0.7328819818433605,
  "threshold": 0.7393383979797363,
  "confusion_matrix": [
    [
      137,
      64
    ],
    [
      29,
      68
    ]
  ]
}