{
  "accuracy": 0.610738255033557,
  "precision": 0.4074074074074074,
  "recall": 0.7674418604651163,
  "f1_score": 0.5381526059199045,
  "roc_auc": 0.7022268538832821,
  "threshold": 0.6521735787391663,
  "confusion_matrix": [
    [
      116,
      96
    ],
    [
      20,
      66
    ]
  ]
}