{
  "accuracy": 0.9966216216216216,
  "precision": 1.0,
  "recall": 0.99,
  "f1_score": 0.999999995,
  "roc_auc": 1.0,
  "threshold": 0.9966699481010437,
  "confusion_matrix": [
    [
      196,
      0
    ],
    [
      1,
      99
    ]
  ]
}