{
  "accuracy": 0.9966216216216216,
  "precision": 1.0,
  "recall": 0.9886363636363636,
  "f1_score": 0.999999995,
  "roc_auc": 1.0,
  "threshold": 0.9964174032211304,
  "confusion_matrix": [
    [
      208,
      0
    ],
    [
      1,
      87
    ]
  ]
}