{
  "accuracy": 0.6476510067114094,
  "precision": 0.4444444444444444,
  "recall": 0.7191011235955056,
  "f1_score": 0.5555555508419169,
  "roc_auc": 0.7081339712918661,
  "threshold": 0.680527925491333,
  "confusion_matrix": [
    [
      129,
      80
    ],
    [
      25,
      64
    ]
  ]
}