{
  "accuracy": 0.5738255033557047,
  "precision": 0.425,
  "recall": 0.8762886597938144,
  "f1_score": 0.5771812036626729,
  "roc_auc": 0.7444735087449352,
  "threshold": 0.4357296824455261,
  "confusion_matrix": [
    [
      86,
      115
    ],
    [
      12,
      85
    ]
  ]
}