{
  "accuracy": 0.5671140939597316,
  "precision": 0.3812154696132597,
  "recall": 0.8023255813953488,
  "f1_score": 0.5223880553430609,
  "roc_auc": 0.6846752961825362,
  "threshold": 0.5478838086128235,
  "confusion_matrix": [
    [
      100,
      112
    ],
    [
      17,
      69
    ]
  ]
}