{
  "accuracy": 0.6946308724832215,
  "precision": 0.504,
  "recall": 0.6847826086956522,
  "f1_score": 0.5871559584243751,
  "roc_auc": 0.7131701139721401,
  "threshold": 0.7314677238464355,
  "confusion_matrix": [
    [
      144,
      62
    ],
    [
      29,
      63
    ]
  ]
}