{
  "accuracy": 0.5805369127516778,
  "precision": 0.4147727272727273,
  "recall": 0.7684210526315789,
  "f1_score": 0.5441176425132462,
  "roc_auc": 0.6659061446720248,
  "threshold": 0.5034531354904175,
  "confusion_matrix": [
    [
      100,
      103
    ],
    [
      22,
      73
    ]
  ]
}