{
  "accuracy": 0.5337837837837838,
  "precision": 0.5308219178082192,
  "recall": 0.9935897435897436,
  "f1_score": 0.6948775010334276,
  "roc_auc": 0.5323260073260073,
  "threshold": 0.6417214274406433,
  "confusion_matrix": [
    [
      3,
      137
    ],
    [
      1,
      155
    ]
  ]
}