{
  "accuracy": 0.7080536912751678,
  "precision": 0.509090909090909,
  "recall": 0.6292134831460674,
  "f1_score": 0.5699999950604999,
  "roc_auc": 0.7160905327670554,
  "threshold": 0.7227246761322021,
  "confusion_matrix": [
    [
      155,
      54
    ],
    [
      33,
      56
    ]
  ]
}