{
  "accuracy": 0.6442953020134228,
  "precision": 0.4413793103448276,
  "recall": 0.7191011235955056,
  "f1_score": 0.5531914846558624,
  "roc_auc": 0.7049620988118919,
  "threshold": 0.6784579157829285,
  "confusion_matrix": [
    [
      128,
      81
    ],
    [
      25,
      64
    ]
  ]
}