{
  "accuracy": 0.6073825503355704,
  "precision": 0.4049079754601227,
  "recall": 0.7674418604651163,
  "f1_score": 0.5359999954867201,
  "roc_auc": 0.7003620008775779,
  "threshold": 0.687384307384491,
  "confusion_matrix": [
    [
      115,
      97
    ],
    [
      20,
      66
    ]
  ]
}