{
  "accuracy": 0.6543624161073825,
  "precision": 0.46206896551724136,
  "recall": 0.7282608695652174,
  "f1_score": 0.5714285666859685,
  "roc_auc": 0.7110067539046011,
  "threshold": 0.6349393129348755,
  "confusion_matrix": [
    [
      128,
      78
    ],
    [
      25,
      67
    ]
  ]
}