{
  "accuracy": 0.6543624161073825,
  "precision": 0.4701492537313433,
  "recall": 0.6631578947368421,
  "f1_score": 0.5565217342816635,
  "roc_auc": 0.6883588281047446,
  "threshold": 0.7156318426132202,
  "confusion_matrix": [
    [
      132,
      71
    ],
    [
      32,
      63
    ]
  ]
}