{
  "accuracy": 0.6476510067114094,
  "precision": 0.42857142857142855,
  "recall": 0.6627906976744186,
  "f1_score": 0.5272727225107439,
  "roc_auc": 0.6846204475647213,
  "threshold": 0.7427741289138794,
  "confusion_matrix": [
    [
      136,
      76
    ],
    [
      29,
      57
    ]
  ]
}