{
  "accuracy": 0.6912751677852349,
  "precision": 0.48760330578512395,
  "recall": 0.6629213483146067,
  "f1_score": 0.5687203742692213,
  "roc_auc": 0.7032955217461426,
  "threshold": 0.717646062374115,
  "confusion_matrix": [
    [
      147,
      62
    ],
    [
      30,
      59
    ]
  ]
}