{
  "accuracy": 0.6375838926174496,
  "precision": 0.45,
  "recall": 0.782608695652174,
  "f1_score": 0.5770750941861301,
  "roc_auc": 0.7221401435204728,
  "threshold": 0.6523404717445374,
  "confusion_matrix": [
    [
      118,
      88
    ],
    [
      20,
      72
    ]
  ]
}