{
  "accuracy": 0.6879194630872483,
  "precision": 0.48333333333333334,
  "recall": 0.651685393258427,
  "f1_score": 0.5619047570208617,
  "roc_auc": 0.7121660125799688,
  "threshold": 0.7322577238082886,
  "confusion_matrix": [
    [
      147,
      62
    ],
    [
      31,
      58
    ]
  ]
}