{
  "accuracy": 0.5201342281879194,
  "precision": 0.3867924528301887,
  "recall": 0.8631578947368421,
  "f1_score": 0.5389610346949317,
  "roc_auc": 0.665802437127301,
  "threshold": 0.5030063986778259,
  "confusion_matrix": [
    [
      73,
      130
    ],
    [
      13,
      82
    ]
  ]
}