{
  "accuracy": 0.5472972972972973,
  "precision": 0.547945205479452,
  "recall": 0.9876543209876543,
  "f1_score": 0.7076923031067747,
  "roc_auc": 0.4783029297954671,
  "threshold": 0.6599678993225098,
  "confusion_matrix": [
    [
      2,
      132
    ],
    [
      2,
      160
    ]
  ]
}