{
  "accuracy": 0.6476510067114094,
  "precision": 0.4626865671641791,
  "recall": 0.6526315789473685,
  "f1_score": 0.5478260821077505,
  "roc_auc": 0.6952553798288825,
  "threshold": 0.6975754499435425,
  "confusion_matrix": [
    [
      131,
      72
    ],
    [
      33,
      62
    ]
  ]
}