{
  "accuracy": 0.6778523489932886,
  "precision": 0.48484848484848486,
  "recall": 0.6956521739130435,
  "f1_score": 0.5777777729438025,
  "roc_auc": 0.7228260869565217,
  "threshold": 0.7230973839759827,
  "confusion_matrix": [
    [
      138,
      68
    ],
    [
      28,
      64
    ]
  ]
}