{
  "accuracy": 0.6241610738255033,
  "precision": 0.4177215189873418,
  "recall": 0.7674418604651163,
  "f1_score": 0.5469387709541025,
  "roc_auc": 0.7013492759982448,
  "threshold": 0.6610580086708069,
  "confusion_matrix": [
    [
      120,
      92
    ],
    [
      20,
      66
    ]
  ]
}