{
  "accuracy": 0.9966216216216216,
  "precision": 1.0,
  "recall": 0.9901960784313726,
  "f1_score": 0.999999995,
  "roc_auc": 1.0,
  "threshold": 0.9948782920837402,
  "confusion_matrix": [
    [
      194,
      0
    ],
    [
      1,
      101
    ]
  ]
}