{
  "accuracy": 0.5608108108108109,
  "precision": 0.5627118644067797,
  "recall": 0.9940119760479041,
  "f1_score": 0.7213822848049859,
  "roc_auc": 0.479366847699949,
  "threshold": 0.6505721211433411,
  "confusion_matrix": [
    [
      0,
      129
    ],
    [
      1,
      166
    ]
  ]
}