{
  "accuracy": 0.5,
  "precision": 0.34328358208955223,
  "recall": 0.8023255813953488,
  "f1_score": 0.4861111069222608,
  "roc_auc": 0.5998244844229925,
  "threshold": 0.6012991070747375,
  "confusion_matrix": [
    [
      80,
      132
    ],
    [
      17,
      69
    ]
  ]
}