{
  "accuracy": 0.5,
  "precision": 0.5016949152542373,
  "recall": 0.9932885906040269,
  "f1_score": 0.6696629168939275,
  "roc_auc": 0.42455371410309095,
  "threshold": 0.6039279103279114,
  "confusion_matrix": [
    [
      0,
      147
    ],
    [
      1,
      148
    ]
  ]
}