{
  "accuracy": 0.7114093959731543,
  "precision": 0.5533980582524272,
  "recall": 0.5876288659793815,
  "f1_score": 0.5771144228667608,
  "roc_auc": 0.7431912601938759,
  "threshold": 0.758845329284668,
  "confusion_matrix": [
    [
      155,
      46
    ],
    [
      40,
      57
    ]
  ]
}