{
  "accuracy": 0.6342281879194631,
  "precision": 0.46153846153846156,
  "recall": 0.7422680412371134,
  "f1_score": 0.5748031448852997,
  "roc_auc": 0.7319074729445555,
  "threshold": 0.7853924632072449,
  "confusion_matrix": [
    [
      117,
      84
    ],
    [
      25,
      72
    ]
  ]
}