{
  "accuracy": 0.7013422818791947,
  "precision": 0.514018691588785,
  "recall": 0.5978260869565217,
  "f1_score": 0.559999995032,
  "roc_auc": 0.705360911777121,
  "threshold": 0.8110073804855347,
  "confusion_matrix": [
    [
      154,
      52
    ],
    [
      37,
      55
    ]
  ]
}