{
  "accuracy": 0.9966216216216216,
  "precision": 1.0,
  "recall": 0.9897959183673469,
  "f1_score": 0.999999995,
  "roc_auc": 1.0,
  "threshold": 0.9982348680496216,
  "confusion_matrix": [
    [
      198,
      0
    ],
    [
      1,
      97
    ]
  ]
}