{
  "accuracy": 0.5771812080536913,
  "precision": 0.41621621621621624,
  "recall": 0.8105263157894737,
  "f1_score": 0.5551601378731273,
  "roc_auc": 0.706818771065595,
  "threshold": 0.4729473292827606,
  "confusion_matrix": [
    [
      95,
      108
    ],
    [
      18,
      77
    ]
  ]
}