{
  "accuracy": 0.714765100671141,
  "precision": 0.5625,
  "recall": 0.5567010309278351,
  "f1_score": 0.5670103042783506,
  "roc_auc": 0.7315484433502591,
  "threshold": 0.771007776260376,
  "confusion_matrix": [
    [
      159,
      42
    ],
    [
      43,
      54
    ]
  ]
}